{
  "parent": "root.json",
  "text": "moose.txt",
  "title": "말코손바닥사슴",
  "linked_page_buttons": [
  ],
  "images": [
  ],
  "item_renders": [
  ],
  "recipes": [
    {
      "recipe": "alexsmobs:moose_headgear",
      "shapeless": false,
      "x": 210,
      "y": 25,
      "page": 1,
      "scale": 1.3
    }
  ],
  "tabula_renders": [
  ],
  "entity_renders": [
    {
      "entity": "alexsmobs:moose",
      "x": 90,
      "y": 95,
      "page" : 0,
      "scale": 0.9,
      "rot_x": 30,
      "rot_y": 225,
      "rot_z": 0,
      "follow_cursor": false
    }
  ]
}