{
  "parent": "root.json",
  "text": "raccoon.txt",
  "title": "라쿤",
  "linked_page_buttons": [
  ],
  "images": [
  ],
  "item_renders": [
  ],
  "recipes": [
    {
      "recipe": "alexsmobs:frontier_cap",
      "shapeless": false,
      "x": 210,
      "y": 30,
      "page": 1,
      "scale": 1.3
    }
  ],
  "tabula_renders": [
  ],
  "entity_renders": [
    {
      "entity": "alexsmobs:raccoon",
      "x": 90,
      "y": 85,
      "page" : 0,
      "scale": 1.95,
      "rot_x": 30,
      "rot_y": 225,
      "rot_z": 0,
      "follow_cursor": false
    }
  ]
}