{
  "parent": "",
  "text": "root.txt",
  "title": "동물 사전",
  "linked_page_buttons": [
    {
      "linked_page": "grizzly_bear.json",
      "text": "회색곰",
      "x": 290,
      "y": 10,
      "page": 0
    },
    {
      "linked_page": "roadrunner.json",
      "text": "길달리기새",
      "x": 290,
      "y": 35,
      "page": 0
    },
    {
      "linked_page": "bone_serpent.json",
      "text": "해골 뱀",
      "x": 290,
      "y": 60,
      "page": 0
    },
    {
      "linked_page": "gazelle.json",
      "text": "가젤",
      "x": 290,
      "y": 85,
      "page": 0
    },
    {
      "linked_page": "crocodile.json",
      "text": "악어",
      "x": 290,
      "y": 110,
      "page": 0
    },
    {
      "linked_page": "fly.json",
      "text": "파리",
      "x": 290,
      "y": 135,
      "page": 0
    },
    {
      "linked_page": "hummingbird.json",
      "text": "벌새",
      "x": 290,
      "y": 160,
      "page": 0
    },
    {
      "linked_page": "orca.json",
      "text": "범고래",
      "x": 90,
      "y": 10,
      "page": 1
    },
    {
      "linked_page": "sunbird.json",
      "text": "태양조",
      "x": 90,
      "y": 35,
      "page": 1
    },
    {
      "linked_page": "gorilla.json",
      "text": "고릴라",
      "x": 90,
      "y": 60,
      "page": 1
    },
    {
      "linked_page": "crimson_mosquito.json",
      "text": "진홍빛 모기",
      "x": 90,
      "y": 85,
      "page": 1
    },
    {
      "linked_page": "rattlesnake.json",
      "text": "방울뱀",
      "x": 90,
      "y": 110,
      "page": 1
    },
    {
      "linked_page": "endergrade.json",
      "text": "엔더곰벌레",
      "x": 90,
      "y": 135,
      "page": 1
    },
    {
      "linked_page": "hammerhead_shark.json",
      "text": "귀상어",
      "x": 90,
      "y": 160,
      "page": 1
    },
    {
      "linked_page": "lobster.json",
      "text": "바닷가재",
      "x": 290,
      "y": 10,
      "page": 1
    },
    {
      "linked_page": "komodo_dragon.json",
      "text": "코모도왕도마뱀",
      "x": 290,
      "y": 35,
      "page": 1
    },
    {
      "linked_page": "capuchin_monkey.json",
      "text": "꼬리감는원숭이",
      "x": 290,
      "y": 60,
      "page": 1
    },
    {
      "linked_page": "cave_centipede.json",
      "text": "동굴 지네",
      "x": 290,
      "y": 85,
      "page": 1
    },
    {
      "linked_page": "warped_toad.json",
      "text": "뒤틀린 두꺼비",
      "x": 290,
      "y": 110,
      "page": 1
    },
    {
      "linked_page": "moose.json",
      "text": "말코손바닥사슴",
      "x": 290,
      "y": 135,
      "page": 1
    },
    {
      "linked_page": "mimicube.json",
      "text": "미믹큐브",
      "x": 290,
      "y": 160,
      "page": 1
    },
    {
      "linked_page": "raccoon.json",
      "text": "라쿤",
      "x": 90,
      "y": 10,
      "page": 2
    },
    {
      "linked_page": "blobfish.json",
      "text": "블로브피시",
      "x": 90,
      "y": 35,
      "page": 2
    },
    {
      "linked_page": "seal.json",
      "text": "바다표범",
      "x": 90,
      "y": 60,
      "page": 2
    },
    {
      "linked_page": "cockroach.json",
      "text": "바퀴벌레",
      "x": 90,
      "y": 85,
      "page": 2
    },
    {
      "linked_page": "shoebill.json",
      "text": "넓적부리황새",
      "x": 90,
      "y": 110,
      "page": 2
    },
    {
      "linked_page": "elephant.json",
      "text": "코끼리",
      "x": 90,
      "y": 135,
      "page": 2
    },
    {
      "linked_page": "soul_vulture.json",
      "text": "영혼 독수리",
      "x": 90,
      "y": 160,
      "page": 2
    },
    {
      "linked_page": "snow_leopard.json",
      "text": "눈표범",
      "x": 290,
      "y": 10,
      "page": 2
    },
    {
      "linked_page": "spectre.json",
      "text": "스펙터",
      "x": 290,
      "y": 35,
      "page": 2
    },
    {
      "linked_page": "crow.json",
      "text": "까마귀",
      "x": 290,
      "y": 60,
      "page": 2
    }
  ],
  "images": [

  ],
  "item_renders": [
    {
      "item" : "alexsmobs:tab_icon",
      "x": 25,
      "y": 14,
      "page" : 0,
      "scale": 2.75
    }
  ],
  "recipes": [

  ],
  "tabula_renders": [

  ],
  "entity_renders": [

  ]
}