{
  "variants": {
    "fungus=0": [
      {
        "model": "alexsmobs:block/leafcutter_ant_chamber"
      }
    ],
    "fungus=1": [
      {
        "model": "alexsmobs:block/leafcutter_ant_chamber"
      }
    ],
    "fungus=2": [
      {
        "model": "alexsmobs:block/leafcutter_ant_chamber"
      }
    ],
    "fungus=3": [
      {
        "model": "alexsmobs:block/leafcutter_ant_chamber"
      }
    ],
    "fungus=4": [
      {
        "model": "alexsmobs:block/leafcutter_ant_chamber"
      }
    ],
    "fungus=5": [
      {
        "model": "alexsmobs:block/leafcutter_ant_chamber_fungus"
      }
    ]
  }
}