{
  "variants": {
    "facing=down,powered=false": {
      "model": "alexsmobs:block/void_worm_beak",
      "x": 180
    },
    "facing=east,powered=false": {
      "model": "alexsmobs:block/void_worm_beak",
      "y": 90
    },
    "facing=north,powered=false": {
      "model": "alexsmobs:block/void_worm_beak"
    },
    "facing=south,powered=false": {
      "model": "alexsmobs:block/void_worm_beak",
      "y": 180
    },
    "facing=up,powered=false": {
      "model": "alexsmobs:block/void_worm_beak"
    },
    "facing=west,powered=false": {
      "model": "alexsmobs:block/void_worm_beak",
      "y": 270
    },
    "facing=down,powered=true": {
      "model": "alexsmobs:block/void_worm_beak",
      "x": 180
    },
    "facing=east,powered=true": {
      "model": "alexsmobs:block/void_worm_beak",
      "y": 90
    },
    "facing=north,powered=true": {
      "model": "alexsmobs:block/void_worm_beak"
    },
    "facing=south,powered=true": {
      "model": "alexsmobs:block/void_worm_beak",
      "y": 180
    },
    "facing=up,powered=true": {
      "model": "alexsmobs:block/void_worm_beak"
    },
    "facing=west,powered=true": {
      "model": "alexsmobs:block/void_worm_beak",
      "y": 270
    }
  }
}