{
  "parent": "root.json",
  "text": "bald_eagle.txt",
  "title": "Bald Eagle",
  "linked_page_buttons": [
  ],
  "images": [
  ],
  "item_renders": [
  ],
  "recipes": [
    {
      "recipe": "alexsmobs:falconry_glove",
      "shapeless": false,
      "x": 210,
      "y": 20,
      "page": 2,
      "scale": 1.3
    },
    {
      "recipe": "alexsmobs:falconry_hood",
      "shapeless": false,
      "x": 210,
      "y": 110,
      "page": 2,
      "scale": 1.3
    }
  ],
  "tabula_renders": [
  ],
  "entity_renders": [
    {
      "entity": "alexsmobs:bald_eagle",
      "x": 98,
      "y": 86,
      "page" : 0,
      "scale": 1.9,
      "rot_x": 30,
      "rot_y": 225,
      "rot_z": 0,
      "follow_cursor": false
    }
  ]
}