{
  "parent": "root.json",
  "text": "cachalot_whale.txt",
  "title": "Cachalot Whale",
  "linked_page_buttons": [
  ],
  "images": [
  ],
  "item_renders": [
  ],
  "recipes": [
    {
      "recipe": "alexsmobs:echolocator",
      "shapeless": false,
      "x": 210,
      "y": 20,
      "page": 2,
      "scale": 1.3
    },
    {
      "recipe": "alexsmobs:endolocator",
      "shapeless": false,
      "x": 210,
      "y": 110,
      "page": 2,
      "scale": 1.3
    }
  ],
  "tabula_renders": [
  ],
  "entity_renders": [
    {
      "entity": "alexsmobs:cachalot_whale",
      "x": 103,
      "y": 83,
      "page" : 0,
      "scale": 0.22,
      "rot_x": 30,
      "rot_y": 225,
      "rot_z": 0,
      "follow_cursor": false
    }
  ]
}