{
  "parent": "root.json",
  "text": "frilled_shark.txt",
  "title": "Frilled Shark",
  "linked_page_buttons": [
  ],
  "images": [
  ],
  "item_renders": [
  ],
  "recipes": [
    {
      "recipe": "alexsmobs:shield_of_the_deep",
      "shapeless": false,
      "x": 10,
      "y": 20,
      "page": 1,
      "scale": 1.3
    }
  ],
  "tabula_renders": [
  ],
  "entity_renders": [
    {
      "entity": "alexsmobs:frilled_shark",
      "x": 93,
      "y": 82,
      "page" : 0,
      "scale": 1.7,
      "rot_x": 30,
      "rot_y": 225,
      "rot_z": 0,
      "follow_cursor": false
    }
  ]
}