{
  "parent": "root.json",
  "text": "guster.txt",
  "title": "Guster",
  "linked_page_buttons": [
  ],
  "images": [
  ],
  "item_renders": [
  ],
  "recipes": [
    {
      "recipe": "alexsmobs:pocket_sand",
      "shapeless": false,
      "x": 210,
      "y": 20,
      "page": 1,
      "scale": 1.3
    },
    {
      "recipe": "alexsmobs:gustmaker",
      "shapeless": false,
      "x": 210,
      "y": 110,
      "page": 1,
      "scale": 1.3
    }
  ],
  "tabula_renders": [
  ],
  "entity_renders": [
    {
      "entity": "alexsmobs:guster",
      "x": 90,
      "y": 105,
      "page" : 0,
      "scale": 1,
      "rot_x": 30,
      "rot_y": 225,
      "rot_z": 0,
      "follow_cursor": false
    }
  ]
}