{
  "parent": "root.json",
  "text": "hummingbird.txt",
  "title": "Hummingbird",
  "linked_page_buttons": [
  ],
  "images": [
  ],
  "item_renders": [
  ],
  "recipes": [
    {
      "recipe": "alexsmobs:hummingbird_feeder",
      "shapeless": false,
      "x": 225,
      "y": 115,
      "page": 0,
      "scale": 1.0
    }
  ],
  "tabula_renders": [
  ],
  "entity_renders": [
    {
      "entity": "alexsmobs:hummingbird",
      "x": 90,
      "y": 60,
      "page" : 0,
      "scale": 3.0,
      "rot_x": 30,
      "rot_y": 225,
      "rot_z": 0,
      "follow_cursor": false
    }
  ]
}