{
  "parent": "",
  "text": "root.txt",
  "title": "Animal Dictionary",
  "entity_buttons": [
    {
      "entity": "alexsmobs:grizzly_bear",
      "x": 230,
      "y": 10,
      "page" : 0,
      "scale": 1.2,
      "entity_scale": 1.1,
      "offset_x": -8,
      "offset_y": -3,
      "linked_page": "grizzly_bear.json",
      "hover_text": "entity.alexsmobs.grizzly_bear"
    },
    {
      "entity": "alexsmobs:roadrunner",
      "x": 260,
      "y": 10,
      "page" : 0,
      "scale": 1.2,
      "entity_scale": 1.5,
      "offset_x": -12,
      "offset_y": -10,
      "linked_page": "roadrunner.json",
      "hover_text": "entity.alexsmobs.roadrunner"
    },
    {
      "entity": "alexsmobs:bone_serpent",
      "x": 290,
      "y": 10,
      "page" : 0,
      "scale": 1.2,
      "entity_scale": 0.8,
      "offset_x": -1,
      "offset_y": -4,
      "linked_page": "bone_serpent.json",
      "hover_text": "entity.alexsmobs.bone_serpent"
    },
    {
      "entity": "alexsmobs:gazelle",
      "x": 320,
      "y": 10,
      "page" : 0,
      "scale": 1.2,
      "entity_scale": 1.1,
      "offset_x": -4,
      "offset_y": -2,
      "linked_page": "gazelle.json",
      "hover_text": "entity.alexsmobs.gazelle"
    },
    {
      "entity": "alexsmobs:crocodile",
      "x": 350,
      "y": 10,
      "page" : 0,
      "scale": 1.2,
      "entity_scale": 0.8,
      "offset_x": -5,
      "offset_y": -7,
      "linked_page": "crocodile.json",
      "hover_text": "entity.alexsmobs.crocodile"
    },
    {
      "entity": "alexsmobs:fly",
      "x": 230,
      "y": 40,
      "page" : 0,
      "scale": 1.2,
      "entity_scale": 2.2,
      "offset_x": -25,
      "offset_y": -25,
      "linked_page": "fly.json",
      "hover_text": "entity.alexsmobs.fly"
    },
    {
      "entity": "alexsmobs:hummingbird",
      "x": 260,
      "y": 40,
      "page" : 0,
      "scale": 1.2,
      "entity_scale": 2.6,
      "offset_x": -32,
      "offset_y": -30,
      "linked_page": "hummingbird.json",
      "hover_text": "entity.alexsmobs.hummingbird"
    },
    {
      "entity": "alexsmobs:orca",
      "x": 290,
      "y": 40,
      "page" : 0,
      "scale": 1.2,
      "entity_scale": 0.45,
      "offset_x": 4,
      "offset_y": 2,
      "linked_page": "orca.json",
      "hover_text": "entity.alexsmobs.orca"
    },
    {
      "entity": "alexsmobs:sunbird",
      "x": 320,
      "y": 40,
      "page" : 0,
      "scale": 1.2,
      "entity_scale": 0.45,
      "offset_x": 6,
      "offset_y": 2,
      "linked_page": "sunbird.json",
      "hover_text": "entity.alexsmobs.sunbird"
    },
    {
      "entity": "alexsmobs:gorilla",
      "x": 350,
      "y": 40,
      "page" : 0,
      "scale": 1.2,
      "entity_scale": 1.2,
      "offset_x": -6,
      "offset_y": -6,
      "linked_page": "gorilla.json",
      "hover_text": "entity.alexsmobs.gorilla"
    },
    {
      "entity": "alexsmobs:crimson_mosquito",
      "x": 230,
      "y": 70,
      "page" : 0,
      "scale": 1.2,
      "entity_scale": 0.7,
      "offset_x": 3,
      "offset_y": 0,
      "linked_page": "crimson_mosquito.json",
      "hover_text": "entity.alexsmobs.crimson_mosquito"
    },
    {
      "entity": "alexsmobs:rattlesnake",
      "x": 260,
      "y": 70,
      "page" : 0,
      "scale": 1.2,
      "entity_scale": 1.5,
      "offset_x": -16,
      "offset_y": -18,
      "linked_page": "rattlesnake.json",
      "hover_text": "entity.alexsmobs.rattlesnake"
    },
    {
      "entity": "alexsmobs:endergrade",
      "x": 290,
      "y": 70,
      "page" : 0,
      "scale": 1.2,
      "entity_scale": 1.2,
      "offset_x": -8,
      "offset_y": -10,
      "linked_page": "endergrade.json",
      "hover_text": "entity.alexsmobs.endergrade"
    },
    {
      "entity": "alexsmobs:hammerhead_shark",
      "x": 320,
      "y": 70,
      "page" : 0,
      "scale": 1.2,
      "entity_scale": 0.6,
      "offset_x": 4,
      "offset_y": -1,
      "linked_page": "hammerhead_shark.json",
      "hover_text": "entity.alexsmobs.hammerhead_shark"
    },
    {
      "entity": "alexsmobs:lobster",
      "x": 350,
      "y": 70,
      "page" : 0,
      "scale": 1.2,
      "entity_scale": 1.7,
      "offset_x": -18,
      "offset_y": -20,
      "linked_page": "lobster.json",
      "hover_text": "entity.alexsmobs.lobster"
    },
    {
      "entity": "alexsmobs:komodo_dragon",
      "x": 230,
      "y": 100,
      "page" : 0,
      "scale": 1.2,
      "entity_scale": 0.8,
      "offset_x": -1,
      "offset_y": -4,
      "linked_page": "komodo_dragon.json",
      "hover_text": "entity.alexsmobs.komodo_dragon"
    },
    {
      "entity": "alexsmobs:capuchin_monkey",
      "x": 260,
      "y": 100,
      "page" : 0,
      "scale": 1.2,
      "entity_scale": 1.3,
      "offset_x": -6,
      "offset_y": -9,
      "linked_page": "capuchin_monkey.json",
      "hover_text": "entity.alexsmobs.capuchin_monkey"
    },
    {
      "entity": "alexsmobs:centipede_head",
      "x": 290,
      "y": 100,
      "page" : 0,
      "scale": 1.2,
      "entity_scale": 0.95,
      "offset_x": -4,
      "offset_y": -5,
      "linked_page": "cave_centipede.json",
      "hover_text": "entity.alexsmobs.centipede_head"
    },
    {
      "entity": "alexsmobs:warped_toad",
      "x": 320,
      "y": 100,
      "page" : 0,
      "scale": 1.2,
      "entity_scale": 0.7,
      "offset_x": 3,
      "offset_y": 0,
      "linked_page": "warped_toad.json",
      "hover_text": "entity.alexsmobs.warped_toad"
    },
    {
      "entity": "alexsmobs:moose",
      "x": 350,
      "y": 100,
      "page" : 0,
      "scale": 1.2,
      "entity_scale": 0.75,
      "offset_x": -5,
      "offset_y": 1,
      "linked_page": "moose.json",
      "hover_text": "entity.alexsmobs.moose"
    },
    {
      "entity": "alexsmobs:mimicube",
      "x": 230,
      "y": 130,
      "page" : 0,
      "scale": 1.2,
      "entity_scale": 1.0,
      "offset_x": -1,
      "offset_y": -7,
      "linked_page": "mimicube.json",
      "hover_text": "entity.alexsmobs.mimicube"
    },
    {
      "entity": "alexsmobs:raccoon",
      "x": 260,
      "y": 130,
      "page" : 0,
      "scale": 1.2,
      "entity_scale": 1.25,
      "offset_x": -6,
      "offset_y": -9,
      "linked_page": "raccoon.json",
      "hover_text": "entity.alexsmobs.raccoon"
    },
    {
      "entity": "alexsmobs:blobfish",
      "x": 290,
      "y": 130,
      "page" : 0,
      "scale": 1.2,
      "entity_scale": 1.85,
      "offset_x": -20,
      "offset_y": -20,
      "linked_page": "blobfish.json",
      "hover_text": "entity.alexsmobs.blobfish"
    },
    {
      "entity": "alexsmobs:seal",
      "x": 320,
      "y": 130,
      "page" : 0,
      "scale": 1.2,
      "entity_scale": 1.15,
      "offset_x": -7,
      "offset_y": -10,
      "linked_page": "seal.json",
      "hover_text": "entity.alexsmobs.seal"
    },
    {
      "entity": "alexsmobs:cockroach",
      "x": 350,
      "y": 130,
      "page" : 0,
      "scale": 1.2,
      "entity_scale": 1.5,
      "offset_x": -14,
      "offset_y": -16,
      "linked_page": "cockroach.json",
      "hover_text": "entity.alexsmobs.cockroach"
    },
    {
      "entity": "alexsmobs:shoebill",
      "x": 35,
      "y": 10,
      "page" : 1,
      "scale": 1.2,
      "entity_scale": 1.3,
      "offset_x": -8,
      "offset_y": -3,
      "linked_page": "shoebill.json",
      "hover_text": "entity.alexsmobs.shoebill"
    },
    {
      "entity": "alexsmobs:elephant",
      "x": 65,
      "y": 10,
      "page" : 1,
      "scale": 1.2,
      "entity_scale": 0.5,
      "offset_x": 5,
      "offset_y": 5,
      "linked_page": "elephant.json",
      "hover_text": "entity.alexsmobs.elephant"
    },
    {
      "entity": "alexsmobs:soul_vulture",
      "x": 95,
      "y": 10,
      "page" : 1,
      "scale": 1.2,
      "entity_scale": 1.1,
      "offset_x": -5,
      "offset_y": -4,
      "linked_page": "soul_vulture.json",
      "hover_text": "entity.alexsmobs.soul_vulture"
    },
    {
      "entity": "alexsmobs:snow_leopard",
      "x": 125,
      "y": 10,
      "page" : 1,
      "scale": 1.2,
      "entity_scale": 1,
      "offset_x": -4,
      "offset_y": -6,
      "linked_page": "snow_leopard.json",
      "hover_text": "entity.alexsmobs.snow_leopard"
    },
    {
      "entity": "alexsmobs:spectre",
      "x": 155,
      "y": 10,
      "page" : 1,
      "scale": 1.2,
      "entity_scale": 0.5,
      "offset_x": 8,
      "offset_y": 3,
      "linked_page": "spectre.json",
      "hover_text": "entity.alexsmobs.spectre"
    },
    {
      "entity": "alexsmobs:crow",
      "x": 35,
      "y": 40,
      "page" : 1,
      "scale": 1.2,
      "entity_scale": 2,
      "offset_x": -22,
      "offset_y": -22,
      "linked_page": "crow.json",
      "hover_text": "entity.alexsmobs.crow"
    },
    {
      "entity": "alexsmobs:alligator_snapping_turtle",
      "x": 65,
      "y": 40,
      "page" : 1,
      "scale": 1.2,
      "entity_scale": 1.2,
      "offset_x": -7,
      "offset_y": -11,
      "linked_page": "alligator_snapping_turtle.json",
      "hover_text": "entity.alexsmobs.alligator_snapping_turtle"
    },
    {
      "entity": "alexsmobs:mungus",
      "x": 95,
      "y": 40,
      "page" : 1,
      "scale": 1.2,
      "entity_scale": 1.2,
      "offset_x": -5,
      "offset_y": -3,
      "linked_page": "mungus.json",
      "hover_text": "entity.alexsmobs.mungus"
    },
    {
      "entity": "alexsmobs:mantis_shrimp",
      "x": 125,
      "y": 40,
      "page" : 1,
      "scale": 1.2,
      "entity_scale": 1.2,
      "offset_x": -7,
      "offset_y": -7,
      "linked_page": "mantis_shrimp.json",
      "hover_text": "entity.alexsmobs.mantis_shrimp"
    },
    {
      "entity": "alexsmobs:guster",
      "x": 155,
      "y": 40,
      "page" : 1,
      "scale": 1.2,
      "entity_scale": 0.8,
      "offset_x": 0,
      "offset_y": -1,
      "linked_page": "guster.json",
      "hover_text": "entity.alexsmobs.guster"
    },
    {
      "entity": "alexsmobs:warped_mosco",
      "x": 35,
      "y": 70,
      "page" : 1,
      "scale": 1.2,
      "entity_scale": 0.75,
      "offset_x": 1,
      "offset_y": 12,
      "linked_page": "warped_mosco.json",
      "hover_text": "entity.alexsmobs.warped_mosco"
    },
    {
      "entity": "alexsmobs:straddler",
      "x": 65,
      "y": 70,
      "page" : 1,
      "scale": 1.2,
      "entity_scale": 0.6,
      "offset_x": 5,
      "offset_y": 5,
      "linked_page": "straddler.json",
      "hover_text": "entity.alexsmobs.straddler"
    },
    {
      "entity": "alexsmobs:stradpole",
      "x": 95,
      "y": 70,
      "page" : 1,
      "scale": 1.2,
      "entity_scale": 1.6,
      "offset_x": -12,
      "offset_y": -16,
      "linked_page": "stradpole.json",
      "hover_text": "entity.alexsmobs.stradpole"
    },
    {
      "entity": "alexsmobs:emu",
      "x": 125,
      "y": 70,
      "page" : 1,
      "scale": 1.2,
      "entity_scale": 1,
      "offset_x": -1,
      "offset_y": 0,
      "linked_page": "emu.json",
      "hover_text": "entity.alexsmobs.emu"
    },
    {
      "entity": "alexsmobs:platypus",
      "x": 155,
      "y": 70,
      "page" : 1,
      "scale": 1.2,
      "entity_scale": 1.5,
      "offset_x": -12,
      "offset_y": -15,
      "linked_page": "platypus.json",
      "hover_text": "entity.alexsmobs.platypus"
    },
    {
      "entity": "alexsmobs:dropbear",
      "x": 35,
      "y": 100,
      "page" : 1,
      "scale": 1.2,
      "entity_scale": 1,
      "offset_x": -6,
      "offset_y": -6,
      "linked_page": "dropbear.json",
      "hover_text": "entity.alexsmobs.dropbear"
    },
    {
      "entity": "alexsmobs:tasmanian_devil",
      "x": 65,
      "y": 100,
      "page" : 1,
      "scale": 1.2,
      "entity_scale": 1.5,
      "offset_x": -13,
      "offset_y": -14,
      "linked_page": "tasmanian_devil.json",
      "hover_text": "entity.alexsmobs.tasmanian_devil"
    },
    {
      "entity": "alexsmobs:kangaroo",
      "x": 95,
      "y": 100,
      "page" : 1,
      "scale": 1.2,
      "entity_scale": 1,
      "offset_x": -2,
      "offset_y": -2,
      "linked_page": "kangaroo.json",
      "hover_text": "entity.alexsmobs.kangaroo"
    },
    {
      "entity": "alexsmobs:cachalot_whale",
      "x": 125,
      "y": 100,
      "page" : 1,
      "scale": 1.2,
      "entity_scale": 0.15,
      "offset_x": 7,
      "offset_y": 12,
      "linked_page": "cachalot_whale.json",
      "hover_text": "entity.alexsmobs.cachalot_whale"
    },
    {
      "entity": "alexsmobs:leafcutter_ant",
      "x": 155,
      "y": 100,
      "page" : 1,
      "scale": 1.2,
      "entity_scale": 1.25,
      "offset_x": -6,
      "offset_y": -10,
      "linked_page": "leafcutter_ant.json",
      "hover_text": "entity.alexsmobs.leafcutter_ant"
    },
    {
      "entity": "alexsmobs:enderiophage",
      "x": 35,
      "y": 130,
      "page" : 1,
      "scale": 1.2,
      "entity_scale": 0.6,
      "offset_x": 6,
      "offset_y": 3,
      "linked_page": "enderiophage.json",
      "hover_text": "entity.alexsmobs.enderiophage"
    },
    {
      "entity": "alexsmobs:bald_eagle",
      "x": 65,
      "y": 130,
      "page" : 1,
      "scale": 1.2,
      "entity_scale": 1.4,
      "offset_x": -8,
      "offset_y": -9,
      "linked_page": "bald_eagle.json",
      "hover_text": "entity.alexsmobs.bald_eagle"
    },
    {
      "entity": "alexsmobs:tiger",
      "x": 95,
      "y": 130,
      "page" : 1,
      "scale": 1.2,
      "entity_scale": 0.9,
      "offset_x": -1,
      "offset_y": -4,
      "linked_page": "tiger.json",
      "hover_text": "entity.alexsmobs.tiger"
    },
    {
      "entity": "alexsmobs:tarantula_hawk",
      "x": 125,
      "y": 130,
      "page" : 1,
      "scale": 1.2,
      "entity_scale": 0.9,
      "offset_x": -0,
      "offset_y": -4,
      "linked_page": "tarantula_hawk.json",
      "hover_text": "entity.alexsmobs.tarantula_hawk"
    },
    {
      "entity": "alexsmobs:void_worm",
      "x": 155,
      "y": 130,
      "page" : 1,
      "scale": 1.2,
      "entity_scale": 0.5,
      "offset_x": -1,
      "offset_y": 1,
      "linked_page": "void_worm.json",
      "hover_text": "entity.alexsmobs.void_worm"
    },
    {
      "entity": "alexsmobs:frilled_shark",
      "x": 230,
      "y": 10,
      "page" : 1,
      "scale": 1.2,
      "entity_scale": 1.2,
      "offset_x": -9,
      "offset_y": -13,
      "linked_page": "frilled_shark.json",
      "hover_text": "entity.alexsmobs.frilled_shark"
    },
    {
      "entity": "alexsmobs:mimic_octopus",
      "x": 260,
      "y": 10,
      "page" : 1,
      "scale": 1.2,
      "entity_scale": 1.5,
      "offset_x": -12,
      "offset_y": -17,
      "linked_page": "mimic_octopus.json",
      "hover_text": "entity.alexsmobs.mimic_octopus"
    },
    {
      "entity": "alexsmobs:seagull",
      "x": 290,
      "y": 10,
      "page" : 1,
      "scale": 1.2,
      "entity_scale": 1.6,
      "offset_x": -13,
      "offset_y": -14,
      "linked_page": "seagull.json",
      "hover_text": "entity.alexsmobs.seagull"
    },
    {
      "entity": "alexsmobs:froststalker",
      "x": 320,
      "y": 10,
      "page" : 1,
      "scale": 1.2,
      "entity_scale": 1.2,
      "offset_x": -6,
      "offset_y": -6,
      "linked_page": "froststalker.json",
      "hover_text": "entity.alexsmobs.froststalker"
    },
    {
      "entity": "alexsmobs:tusklin",
      "x": 350,
      "y": 10,
      "page" : 1,
      "scale": 1.2,
      "entity_scale": 0.7,
      "offset_x": -3,
      "offset_y": 0,
      "linked_page": "tusklin.json",
      "hover_text": "entity.alexsmobs.tusklin"
    },
    {
      "entity": "alexsmobs:laviathan",
      "x": 230,
      "y": 40,
      "page" : 1,
      "scale": 1.2,
      "entity_scale": 0.8,
      "offset_x": -34,
      "offset_y": -20,
      "linked_page": "laviathan.json",
      "hover_text": "entity.alexsmobs.laviathan"
    },
    {
      "entity": "alexsmobs:cosmaw",
      "x": 260,
      "y": 40,
      "page" : 1,
      "scale": 1.2,
      "entity_scale": 0.4,
      "offset_x": 5,
      "offset_y": 3,
      "linked_page": "cosmaw.json",
      "hover_text": "entity.alexsmobs.cosmaw"
    },
    {
      "entity": "alexsmobs:toucan",
      "x": 290,
      "y": 40,
      "page" : 1,
      "scale": 1.2,
      "entity_scale": 2.1,
      "offset_x": -26,
      "offset_y": -22,
      "linked_page": "toucan.json",
      "hover_text": "entity.alexsmobs.toucan"
    },
    {
      "entity": "alexsmobs:maned_wolf",
      "x": 320,
      "y": 40,
      "page" : 1,
      "scale": 1.2,
      "entity_scale": 1.2,
      "offset_x": -6,
      "offset_y": -5,
      "linked_page": "maned_wolf.json",
      "hover_text": "entity.alexsmobs.maned_wolf"
    },
    {
      "entity": "alexsmobs:anaconda",
      "x": 350,
      "y": 40,
      "page" : 1,
      "scale": 1.2,
      "entity_scale": 2.1,
      "offset_x": -28,
      "offset_y": -27,
      "linked_page": "anaconda.json",
      "hover_text": "entity.alexsmobs.anaconda"
    },
    {
      "entity": "alexsmobs:anteater",
      "x": 230,
      "y": 70,
      "page" : 1,
      "scale": 1.2,
      "entity_scale": 1.2,
      "offset_x": -12,
      "offset_y": -8,
      "linked_page": "anteater.json",
      "hover_text": "entity.alexsmobs.anteater"
    },
    {
      "entity": "alexsmobs:rocky_roller",
      "x": 260,
      "y": 70,
      "page" : 1,
      "scale": 1.2,
      "entity_scale": 1.0,
      "offset_x": -4,
      "offset_y": -4,
      "linked_page": "rocky_roller.json",
      "hover_text": "entity.alexsmobs.rocky_roller"
    },
    {
      "entity": "alexsmobs:flutter",
      "x": 290,
      "y": 70,
      "page" : 1,
      "scale": 1.2,
      "entity_scale": 1.8,
      "offset_x": -17,
      "offset_y": -15,
      "linked_page": "flutter.json",
      "hover_text": "entity.alexsmobs.flutter"
    },
    {
      "entity": "alexsmobs:gelada_monkey",
      "x": 320,
      "y": 70,
      "page" : 1,
      "scale": 1.2,
      "entity_scale": 1.2,
      "offset_x": -8,
      "offset_y": -7,
      "linked_page": "gelada_monkey.json",
      "hover_text": "entity.alexsmobs.gelada_monkey"
    },
    {
      "entity": "alexsmobs:jerboa",
      "x": 350,
      "y": 70,
      "page" : 1,
      "scale": 1.2,
      "entity_scale": 2.3,
      "offset_x": -27,
      "offset_y": -23,
      "linked_page": "jerboa.json",
      "hover_text": "entity.alexsmobs.jerboa"
    },
    {
      "entity": "alexsmobs:terrapin",
      "x": 230,
      "y": 100,
      "page" : 1,
      "scale": 1.2,
      "entity_scale": 2.1,
      "offset_x": -27,
      "offset_y": -26,
      "linked_page": "terrapin.json",
      "hover_text": "entity.alexsmobs.terrapin"
    },
    {
      "entity": "alexsmobs:comb_jelly",
      "x": 260,
      "y": 100,
      "page" : 1,
      "scale": 1.2,
      "entity_scale": 1.5,
      "offset_x": -11,
      "offset_y": -10,
      "linked_page": "comb_jelly.json",
      "hover_text": "entity.alexsmobs.comb_jelly"
    },
    {
      "entity": "alexsmobs:cosmic_cod",
      "x": 290,
      "y": 100,
      "page" : 1,
      "scale": 1.2,
      "entity_scale": 2.1,
      "offset_x": -24,
      "offset_y": -25,
      "linked_page": "cosmic_cod.json",
      "hover_text": "entity.alexsmobs.cosmic_cod"
    },
    {
      "entity": "alexsmobs:bunfungus",
      "x": 320,
      "y": 100,
      "page" : 1,
      "scale": 1.2,
      "entity_scale": 1.0,
      "offset_x": -4,
      "offset_y": 2,
      "linked_page": "bunfungus.json",
      "hover_text": "entity.alexsmobs.bunfungus"
    },
    {
      "entity": "alexsmobs:bison",
      "x": 350,
      "y": 100,
      "page" : 1,
      "scale": 1.2,
      "entity_scale": 0.8,
      "offset_x": -3,
      "offset_y": -2,
      "linked_page": "bison.json",
      "hover_text": "entity.alexsmobs.bison"
    },
    {
      "entity": "alexsmobs:giant_squid",
      "x": 230,
      "y": 130,
      "page" : 1,
      "scale": 1.2,
      "entity_scale": 0.9,
      "offset_x": -1,
      "offset_y": -6,
      "linked_page": "giant_squid.json",
      "hover_text": "entity.alexsmobs.giant_squid"
    }
  ],
  "linked_page_buttons": [
  ],
  "images": [

  ],
  "item_renders": [
    {
      "item" : "alexsmobs:tab_icon",
      "x": 25,
      "y": 14,
      "page" : 0,
      "scale": 2.75
    }
  ],
  "recipes": [

  ],
  "tabula_renders": [

  ],
  "entity_renders": [

  ]
}