{
  "parent": "root.json",
  "text": "straddler.txt",
  "title": "Straddler",
  "linked_page_buttons": [
  ],
  "images": [
  ],
  "item_renders": [
  ],
  "recipes": [
    {
      "recipe": "alexsmobs:straddleboard",
      "shapeless": false,
      "x": 210,
      "y": 105,
      "page": 1,
      "scale": 1.3
    }
  ],
  "tabula_renders": [
  ],
  "entity_renders": [
    {
      "entity": "alexsmobs:straddler",
      "x": 90,
      "y": 120,
      "page" : 0,
      "scale": 0.9,
      "rot_x": 30,
      "rot_y": 225,
      "rot_z": 0,
      "follow_cursor": false
    }
  ]
}